-- phpMyAdmin SQL Dump
-- version 5.2.0
-- https://www.phpmyadmin.net/
--
-- Host: localhost:8889
-- Generation Time: Sep 06, 2023 at 12:54 AM
-- Server version: 5.7.39
-- PHP Version: 8.2.0

SET SQL_MODE = "NO_AUTO_VALUE_ON_ZERO";
START TRANSACTION;
SET time_zone = "+00:00";


/*!40101 SET @OLD_CHARACTER_SET_CLIENT=@@CHARACTER_SET_CLIENT */;
/*!40101 SET @OLD_CHARACTER_SET_RESULTS=@@CHARACTER_SET_RESULTS */;
/*!40101 SET @OLD_COLLATION_CONNECTION=@@COLLATION_CONNECTION */;
/*!40101 SET NAMES utf8mb4 */;

--
-- Database: `coa123cdb`
--

-- --------------------------------------------------------

--
-- Table structure for table `country`
--

CREATE TABLE `country` (
  `iso_id` varchar(3) NOT NULL DEFAULT '',
  `gdp` bigint(20) DEFAULT NULL,
  `population` int(11) DEFAULT NULL,
  `country_name` varchar(32) DEFAULT NULL,
  `gold` int(11) DEFAULT NULL,
  `silver` int(11) DEFAULT NULL,
  `bronze` int(11) DEFAULT NULL,
  `total` int(11) DEFAULT NULL
) ENGINE=MyISAM DEFAULT CHARSET=utf8;

--
-- Dumping data for table `country`
--

INSERT INTO `country` (`iso_id`, `gdp`, `population`, `country_name`, `gold`, `silver`, `bronze`, `total`) VALUES
('AFG', 20343461030, 34385000, 'Afghanistan', 0, 0, 1, 1),
('ALB', 12959563902, 3205000, 'Albania', 0, 0, 0, 0),
('DZA', 188681000000, 35468000, 'Algeria', 1, 0, 0, 1),
('ASM', 537000000, 68420, 'American Samoa', 0, 0, 0, 0),
('AND', 3491000000, 84864, 'Andorra', 0, 0, 0, 0),
('AGO', 100990000000, 19082000, 'Angola', 0, 0, 0, 0),
('ATG', 1128708617, 88000, 'Antigua and Barbuda', 0, 0, 0, 0),
('ARG', 445989000000, 40412000, 'Argentina', 1, 1, 2, 4),
('ARM', 10247788877, 3092000, 'Armenia', 0, 1, 2, 3),
('ABW', 2456000000, 108000, 'Aruba', 0, 0, 0, 0),
('AUS', 1371760000000, 22299000, 'Australia', 7, 16, 12, 35),
('AUT', 418484000000, 8390000, 'Austria', 0, 0, 0, 0),
('AZE', 63403650746, 9054000, 'Azerbaijan', 2, 2, 6, 10),
('BHS', 7787514000, 343000, 'Bahamas', 1, 0, 0, 1),
('BHR', 22945000000, 1262000, 'Bahrain', 0, 0, 1, 1),
('BGD', 110612000000, 148692000, 'Bangladesh', 0, 0, 0, 0),
('BRB', 3685000000, 274000, 'Barbados', 0, 0, 0, 0),
('BLR', 55136144037, 9490000, 'Belarus', 2, 5, 5, 12),
('BEL', 511533000000, 10896000, 'Belgium', 0, 1, 2, 3),
('BLZ', 1474000000, 345000, 'Belize', 0, 0, 0, 0),
('BEN', 7294865847, 8850000, 'Benin', 0, 0, 0, 0),
('BMU', 6015000000, 64600, 'Bermuda', 0, 0, 0, 0),
('BTN', 1688939892, 726000, 'Bhutan', 0, 0, 0, 0),
('BOL', 24426829466, 9929000, 'Bolivia', 0, 0, 0, 0),
('BIH', 18088238053, 3760000, 'Bosnia and Herzegovina', 0, 0, 0, 0),
('BWA', 17627441191, 2007000, 'Botswana', 0, 1, 0, 1),
('BRA', 2476650000000, 194946000, 'Brazil', 3, 5, 9, 17),
('VGB', 909000000, 88000, 'British Virgin Islands', 0, 0, 0, 0),
('BRN', 13024000000, 399000, 'Brunei', 0, 0, 0, 0),
('BGR', 53514098360, 7534000, 'Bulgaria', 0, 1, 1, 2),
('BFA', 10187211704, 16468000, 'Burkina Faso', 0, 0, 0, 0),
('MMR', 50200000000, 47963000, 'Burma', 0, 0, 0, 0),
('BDI', 2325972144, 8382000, 'Burundi', 0, 0, 0, 0),
('KHM', 12875310959, 14139000, 'Cambodia', 0, 0, 0, 0),
('CMR', 25464850391, 19599000, 'Cameroon', 0, 0, 0, 0),
('CAN', 1736050000000, 34126000, 'Canada', 1, 5, 12, 18),
('CPV', 1901136230, 496000, 'Cape Verde', 0, 0, 0, 0),
('CYM', 3208000000, 56230, 'Cayman Islands', 0, 0, 0, 0),
('CAF', 2165868600, 4401000, 'Central African Republic', 0, 0, 0, 0),
('TCD', 9485741541, 11227000, 'Chad', 0, 0, 0, 0),
('CHL', 248585000000, 17113688, 'Chile', 0, 0, 0, 0),
('CHN', 7298100000000, 1338300000, 'China', 38, 27, 23, 88),
('COL', 331655000000, 46295000, 'Colombia', 1, 3, 4, 8),
('COM', 610114092, 735000, 'Comoros', 0, 0, 0, 0),
('COG', 14748024198, 4043000, 'Congo-Brazzaville', 0, 0, 0, 0),
('COK', 248000000, 20000, 'Cook Islands', 0, 0, 0, 0),
('CRI', 41006959585, 4659000, 'Costa Rica', 0, 0, 0, 0),
('HRV', 63850068202, 4418000, 'Croatia', 3, 1, 2, 6),
('CUB', 64100000000, 11258000, 'Cuba', 5, 3, 6, 14),
('CYP', 24689602446, 659350, 'Cyprus', 0, 1, 0, 1),
('CZE', 215215000000, 10520000, 'Czech Republic', 4, 3, 3, 10),
('COD', 15642236881, 65965000, 'Democratic Republic of Congo', 0, 0, 0, 0),
('DNK', 332677000000, 5547000, 'Denmark', 2, 4, 3, 9),
('DJI', 1140000000, 889000, 'Djibouti', 0, 0, 0, 0),
('DMA', 482277143, 68000, 'Dominica', 0, 0, 0, 0),
('DOM', 55611245616, 9927000, 'Dominican Republic', 1, 1, 0, 2),
('TLS', 1054000000, 1124000, 'East Timor', 0, 0, 0, 0),
('ECU', 67002768302, 14465000, 'Ecuador', 0, 0, 0, 0),
('EGY', 229531000000, 81121000, 'Egypt', 0, 2, 0, 2),
('SLV', 23054100000, 6193000, 'El Salvador', 0, 0, 0, 0),
('GNQ', 19789801404, 700000, 'Equatorial Guinea', 0, 0, 0, 0),
('ERI', 2608715447, 5254000, 'Eritrea', 0, 0, 0, 0),
('EST', 22184722472, 1340000, 'Estonia', 0, 1, 1, 2),
('ETH', 31708848033, 82950000, 'Ethiopia', 3, 1, 3, 7),
('FJI', 3812749216, 860000, 'Fiji', 0, 0, 0, 0),
('FIN', 266071000000, 5364000, 'Finland', 0, 1, 2, 3),
('FRA', 2773030000000, 64895000, 'France', 11, 11, 12, 34),
('GAB', 17051616749, 1505000, 'Gabon', 0, 1, 0, 1),
('GMB', 1109306596, 1729000, 'Gambia', 0, 0, 0, 0),
('GEO', 14366566609, 4452000, 'Georgia', 1, 3, 3, 7),
('DEU', 3570560000000, 81777000, 'Germany', 11, 19, 14, 44),
('GHA', 39199656051, 24392000, 'Ghana', 0, 0, 0, 0),
('GRC', 298734000000, 11316000, 'Greece', 0, 0, 2, 2),
('GRD', 816054092, 104000, 'Grenada', 1, 0, 0, 1),
('GUM', 2773000000, 179000, 'Guam', 0, 0, 0, 0),
('GTM', 46900000257, 14389000, 'Guatemala', 0, 1, 0, 1),
('GIN', 5131221608, 9982000, 'Guinea', 0, 0, 0, 0),
('GNB', 973427457, 1515000, 'Guinea-Bissau', 0, 0, 0, 0),
('GUY', 2260000000, 755000, 'Guyana', 0, 0, 0, 0),
('HTI', 7346156703, 9993000, 'Haiti', 0, 0, 0, 0),
('HND', 17259407972, 7600000, 'Honduras', 0, 0, 0, 0),
('HKG', 243666000000, 7068000, 'Hong Kong', 0, 0, 1, 1),
('HUN', 140029000000, 10000000, 'Hungary', 8, 4, 5, 17),
('ISL', 14059073613, 318000, 'Iceland', 0, 0, 0, 0),
('IND', 1847980000000, 1224615000, 'India', 0, 2, 4, 6),
('IDN', 846832000000, 239870000, 'Indonesia', 0, 1, 1, 2),
('IRN', 386670000000, 73973000, 'Iran', 4, 5, 3, 12),
('IRQ', 115388000000, 32031000, 'Iraq', 0, 0, 0, 0),
('IRL', 217275000000, 4475000, 'Ireland', 1, 1, 3, 5),
('ISR', 242929000000, 7624000, 'Israel', 0, 0, 0, 0),
('ITA', 2194750000000, 60483000, 'Italy', 8, 9, 11, 28),
('CIV', 24074625536, 19738000, 'Ivory Coast', 0, 0, 0, 0),
('JAM', 15069767442, 2702000, 'Jamaica', 4, 4, 4, 12),
('JPN', 5867150000000, 127451000, 'Japan', 7, 14, 17, 38),
('JOR', 28840197019, 6047000, 'Jordan', 0, 0, 0, 0),
('KAZ', 186198000000, 16323000, 'Kazakhstan', 7, 1, 5, 13),
('KEN', 33620684016, 40513000, 'Kenya', 2, 4, 5, 11),
('KIR', 177960937, 100000, 'Kiribati', 0, 0, 0, 0),
('KWT', 176590000000, 2736000, 'Kuwait', 0, 0, 1, 1),
('KGZ', 5918610958, 5448000, 'Kyrgyzstan', 0, 0, 0, 0),
('LAO', 8297664741, 6201000, 'Laos', 0, 0, 0, 0),
('LVA', 28252498853, 2239000, 'Latvia', 1, 0, 1, 2),
('LBN', 42185230768, 4227000, 'Lebanon', 0, 0, 0, 0),
('LSO', 2426200017, 2171000, 'Lesotho', 0, 0, 0, 0),
('LBR', 1161000000, 3994000, 'Liberia', 0, 0, 0, 0),
('LBY', 71950000000, 6355000, 'Libya', 0, 0, 0, 0),
('LIE', 5145000000, 36032, 'Liechtenstein', 0, 0, 0, 0),
('LTU', 42725404055, 3287000, 'Lithuania', 2, 1, 2, 5),
('LUX', 59474583333, 507000, 'Luxembourg', 0, 0, 0, 0),
('MKD', 10165373218, 2060000, 'Macedonia', 0, 0, 0, 0),
('MDG', 9946995390, 20714000, 'Madagascar', 0, 0, 0, 0),
('MWI', 5700383783, 14901000, 'Malawi', 0, 0, 0, 0),
('MYS', 278671000000, 28401000, 'Malaysia', 0, 1, 1, 2),
('MDV', 2050135788, 316000, 'Maldives', 0, 0, 0, 0),
('MLI', 10589925352, 15370000, 'Mali', 0, 0, 0, 0),
('MLT', 8886572143, 416000, 'Malta', 0, 0, 0, 0),
('MHL', 173700000, 54038, 'Marshall Islands', 0, 0, 0, 0),
('MRT', 4075675053, 3460000, 'Mauritania', 0, 0, 0, 0),
('MUS', 11313454891, 1281000, 'Mauritius', 0, 0, 0, 0),
('MEX', 1155320000000, 113423000, 'Mexico', 1, 3, 3, 7),
('FSM', 318100000, 111000, 'Micronesia', 0, 0, 0, 0),
('MDA', 7000318677, 3562000, 'Moldova', 0, 0, 2, 2),
('MCO', 5424000000, 35407, 'Monaco', 0, 0, 0, 0),
('MNG', 8557529910, 2756000, 'Mongolia', 0, 2, 3, 5),
('MNE', 4550463278, 632000, 'Montenegro', 0, 1, 0, 1),
('MAR', 100221000000, 31951000, 'Morocco', 0, 0, 1, 1),
('MOZ', 12797754231, 23390000, 'Mozambique', 0, 0, 0, 0),
('NAM', 12300698895, 2283000, 'Namibia', 0, 0, 0, 0),
('NRU', 63000000, 10372, 'Nauru', 0, 0, 0, 0),
('NPL', 18884495628, 29959000, 'Nepal', 0, 0, 0, 0),
('NLD', 836257000000, 16616000, 'Netherlands', 6, 6, 8, 20),
('NZL', 141406000000, 4368000, 'New Zealand', 6, 2, 5, 13),
('NIC', 7297481501, 5789000, 'Nicaragua', 0, 0, 0, 0),
('NER', 6016960988, 15512000, 'Niger', 0, 0, 0, 0),
('NGA', 235923000000, 158423000, 'Nigeria', 0, 0, 0, 0),
('PRK', 12280000000, 24589122, 'North Korea', 4, 0, 2, 6),
('NOR', 485803000000, 4889000, 'Norway', 2, 1, 1, 4),
('OMN', 71781535039, 2783000, 'Oman', 0, 0, 0, 0),
('PAK', 211092000000, 173593000, 'Pakistan', 0, 0, 0, 0),
('PLW', 179912816, 20472, 'Palau', 0, 0, 0, 0),
('PSE', 4000000000, 4152000, 'Palestine', 0, 0, 0, 0),
('PAN', 30676800000, 3517000, 'Panama', 0, 0, 0, 0),
('PNG', 12937183216, 6858000, 'Papua New Guinea', 0, 0, 0, 0),
('PRY', 23877089240, 6454000, 'Paraguay', 0, 0, 0, 0),
('PER', 176662000000, 29076000, 'Peru', 0, 0, 0, 0),
('PHL', 224754000000, 93261000, 'Philippines', 0, 0, 0, 0),
('POL', 514496000000, 38184000, 'Poland', 2, 2, 6, 10),
('PRT', 237522000000, 10638000, 'Portugal', 0, 1, 0, 1),
('PRI', 99202000000, 3978000, 'Puerto Rico', 0, 1, 1, 2),
('QAT', 172982000000, 1759000, 'Qatar', 0, 0, 2, 2),
('ROU', 179794000000, 21438000, 'Romania', 2, 5, 2, 9),
('RUS', 1857770000000, 141750000, 'Russia', 24, 26, 32, 82),
('RWA', 6377408665, 10624000, 'Rwanda', 0, 0, 0, 0),
('KNA', 708955238, 52000, 'Saint Kitts and Nevis', 0, 0, 0, 0),
('LCA', 1232180089, 174000, 'Saint Lucia', 0, 0, 0, 0),
('VCT', 687993693, 109000, 'Saint Vincent and the Grenadines', 0, 0, 0, 0),
('WSM', 649414531, 184000, 'Samoa', 0, 0, 0, 0),
('SMR', 1487000000, 31534, 'San Marino', 0, 0, 0, 0),
('STP', 248286778, 165000, 'Sao Tome and Principe', 0, 0, 0, 0),
('SAU', 576824000000, 27448000, 'Saudi Arabia', 0, 0, 1, 1),
('SEN', 14291456855, 12434000, 'Senegal', 0, 0, 0, 0),
('SRB', 45043430299, 7291000, 'Serbia', 1, 1, 2, 4),
('SYC', 1007186292, 87000, 'Seychelles', 0, 0, 0, 0),
('SLE', 2242960927, 5867000, 'Sierra Leone', 0, 0, 0, 0),
('SGP', 239700000000, 5077000, 'Singapore', 0, 0, 2, 2),
('SVK', 95994147901, 5430000, 'Slovakia', 0, 1, 3, 4),
('SVN', 49539271105, 2049000, 'Slovenia', 1, 1, 2, 4),
('SLB', 838022105, 538000, 'Solomon Islands', 0, 0, 0, 0),
('SOM', 1071000000, 9331000, 'Somalia', 0, 0, 0, 0),
('ZAF', 408237000000, 49991000, 'South Africa', 3, 2, 1, 6),
('KOR', 1116250000000, 48875000, 'South Korea', 13, 8, 7, 28),
('ESP', 1490810000000, 46071000, 'Spain', 3, 10, 4, 17),
('LKA', 59172135299, 20860000, 'Sri Lanka', 0, 0, 0, 0),
('SDN', 55097394769, 43552000, 'Sudan', 0, 0, 0, 0),
('SUR', 3790000000, 525000, 'Surinam', 0, 0, 0, 0),
('SWZ', 3977754360, 1056000, 'Swaziland', 0, 0, 0, 0),
('SWE', 538131000000, 9378000, 'Sweden', 1, 4, 3, 8),
('CHE', 635650000000, 7826000, 'Switzerland', 2, 2, 0, 4),
('SYR', 59834000000, 20447000, 'Syria', 0, 0, 0, 0),
('TWN', 876035000000, 23174528, 'Taiwan', 0, 1, 1, 2),
('TJK', 6522200291, 6879000, 'Tajikistan', 0, 0, 1, 1),
('TZA', 23705302063, 44841000, 'Tanzania', 0, 0, 0, 0),
('THA', 345649000000, 69122000, 'Thailand', 0, 2, 1, 3),
('TGO', 3594513925, 6028000, 'Togo', 0, 0, 0, 0),
('TON', 435589200, 104000, 'Tonga', 0, 0, 0, 0),
('TTO', 22483115868, 1341000, 'Trinidad and Tobago', 1, 0, 3, 4),
('TUN', 45863804800, 10549000, 'Tunisia', 1, 1, 1, 3),
('TUR', 773091000000, 72752000, 'Turkey', 2, 2, 1, 5),
('TKM', 24107017544, 5042000, 'Turkmenistan', 0, 0, 0, 0),
('TUV', 35784427, 9827, 'Tuvalu', 0, 0, 0, 0),
('UGA', 16809623489, 33424000, 'Uganda', 1, 0, 0, 1),
('GBR', 2431590000000, 62232000, 'UK', 29, 17, 19, 65),
('UKR', 165245000000, 45871000, 'Ukraine', 6, 5, 9, 20),
('ARE', 360245000000, 7512000, 'United Arab Emirates', 0, 0, 0, 0),
('URY', 46709797684, 3357000, 'Uruguay', 0, 0, 0, 0),
('USA', 15094000000000, 309349000, 'US', 46, 29, 29, 104),
('UZB', 45359432355, 28228000, 'Uzbekistan', 1, 0, 3, 4),
('VUT', 819227088, 240000, 'Vanuatu', 0, 0, 0, 0),
('VEN', 316482000000, 28834000, 'Venezuela', 1, 0, 0, 1),
('VNM', 123961000000, 86928000, 'Vietnam', 0, 0, 0, 0),
('VIR', 1577000000, 110000, 'Virgin Islands', 0, 0, 0, 0),
('YEM', 33757503322, 24053000, 'Yemen', 0, 0, 0, 0),
('ZMB', 19206011889, 12927000, 'Zambia', 0, 0, 0, 0),
('ZWE', 9900000000, 12571000, 'Zimbabwe', 0, 0, 0, 0);

-- --------------------------------------------------------

--
-- Table structure for table `cyclist`
--

CREATE TABLE `cyclist` (
  `cyclist_id` int(11) NOT NULL,
  `name` varchar(32) NOT NULL DEFAULT '',
  `iso_id` varchar(3) NOT NULL,
  `height` varchar(3) DEFAULT NULL,
  `weight` varchar(3) DEFAULT NULL,
  `gender` varchar(9) DEFAULT NULL,
  `dob` date NOT NULL,
  `sport` varchar(31) DEFAULT NULL
) ENGINE=MyISAM DEFAULT CHARSET=utf8;

--
-- Dumping data for table `cyclist`
--

INSERT INTO `cyclist` (`cyclist_id`, `name`, `iso_id`, `height`, `weight`, `gender`, `dob`, `sport`) VALUES
(1, 'Ahmet Akdilek', 'TUR', '178', '67', 'M', '1988-03-10', 'Cycling - Road'),
(2, 'Michael Albasini', 'CHE', '172', '67', 'M', '1980-12-20', 'Cycling - Road'),
(3, 'Arnold Alcolea', 'CUB', '', '', 'M', '1982-09-25', 'Cycling - Road'),
(4, 'Andrey Amador Bakkazakova', 'CRI', '181', '72', 'M', '1986-08-29', 'Cycling - Road'),
(5, 'Alena Amialiusik', 'BLR', '169', '53', 'F', '1989-02-06', 'Cycling - Road'),
(6, 'Danail Andonov Petrov', 'BGR', '171', '63', 'M', '1978-02-05', 'Cycling - Road'),
(7, 'Alona Andruk', 'UKR', '170', '56', 'F', '1987-06-11', 'Cycling - Road'),
(8, 'Tatiana Antoshina', 'RUS', '174', '55', 'F', '1982-07-27', 'Cycling - Road'),
(9, 'Juan Esteban Arango Carvajal', 'COL', '172', '62', 'M', '1986-10-06', 'Cycling - Track'),
(10, 'Yukiya Arashiro', 'JPN', '171', '64', 'M', '1984-09-22', 'Cycling - Road'),
(11, 'Shane Archbold', 'NZL', '182', '79', 'M', '1989-02-02', 'Cycling - Track'),
(12, 'Kristin Armstrong', 'USA', '173', '58', 'F', '1973-08-11', 'Cycling - Road'),
(13, 'Judith Arndt', 'DEU', '173', '59', 'F', '1976-07-23', 'Cycling - Road, Cycling - Track'),
(14, 'Edwin Alcibiades Avila Vanegas', 'COL', '167', '63', 'M', '1989-11-21', 'Cycling - Track'),
(15, 'Azizulhasni Awang', 'MYS', '166', '60', 'M', '1988-01-05', 'Cycling - Track'),
(16, 'Alena Dylko', 'BLR', '162', '62', 'F', '1988-09-14', 'Cycling - Track'),
(17, 'Alexander Kristoff', 'NOR', '', '', 'M', '1987-07-05', 'Cycling - Road'),
(18, 'Aurelie Halbwachs', 'MUS', '167', '60', 'F', '1986-08-24', 'Cycling - Road'),
(19, 'Monia Baccaille', 'ITA', '164', '61', 'F', '1984-04-10', 'Cycling - Road'),
(20, 'Gediminas Bagdonas', 'LTU', '185', '76', 'M', '1985-12-26', 'Cycling - Road'),
(21, 'Lars Ytting Bak', 'DNK', '190', '76', 'M', '1980-01-16', 'Cycling - Road'),
(22, 'Victoria Baranova', 'RUS', '158', '60', 'F', '1990-02-06', 'Cycling - Track'),
(23, 'Jan Barta', 'CZE', '184', '73', 'M', '1984-12-07', 'Cycling - Road'),
(24, 'Polona Batagelj', 'SVN', '173', '53', 'F', '1989-06-07', 'Cycling - Road'),
(25, 'Jack Bauer', 'NZL', '190', '80', 'M', '1985-04-07', 'Cycling - Road'),
(26, 'Gregory Bauge', 'FRA', '181', '94', 'M', '1985-01-31', 'Cycling - Track'),
(27, 'Dotsie Bausch', 'USA', '173', '59', 'F', '1973-03-06', 'Cycling - Track'),
(28, 'Assan Bazayev', 'KAZ', '170', '66', 'M', '1981-02-22', 'Cycling - Road'),
(29, 'Charlotte Becker', 'DEU', '173', '63', 'F', '1983-05-19', 'Cycling - Road, Cycling - Track'),
(30, 'Zachary Bell', 'CAN', '175', '75', 'M', '1982-11-14', 'Cycling - Track'),
(31, 'Fumiyuki Beppu', 'JPN', '180', '65', 'M', '1983-04-10', 'Cycling - Road'),
(32, 'Oleg Berdos', 'MDA', '175', '68', 'M', '1987-06-09', 'Cycling - Road'),
(33, 'Pablo Aitor Bernal Rosique', 'ESP', '189', '83', 'M', '1986-08-25', 'Cycling - Track'),
(34, 'Aude Biannic', 'FRA', '176', '63', 'F', '1991-03-27', 'Cycling - Road'),
(35, 'Maciej Bielecki', 'POL', '173', '80', 'M', '1987-05-19', 'Cycling - Track'),
(36, 'Edvald Boasson Hagen', 'NOR', '', '', 'M', '1987-05-17', 'Cycling - Road'),
(37, 'Jack Bobridge', 'AUS', '180', '65', 'M', '1989-07-13', 'Cycling - Track'),
(38, 'Yelizaveta Bochkarova', 'UKR', '170', '62', 'F', '1978-05-05', 'Cycling - Track'),
(39, 'Maciej Bodnar', 'POL', '174', '65', 'M', '1985-03-07', 'Cycling - Road'),
(40, 'Grega Bole', 'SVN', '177', '70', 'M', '1985-08-13', 'Cycling - Road'),
(41, 'Lars Boom', 'NLD', '191', '81', 'M', '1985-12-30', 'Cycling - Road'),
(42, 'Tom Boonen', 'BEL', '192', '82', 'M', '1980-10-15', 'Cycling - Road'),
(43, 'Sergey Borisov', 'RUS', '178', '93', 'M', '1983-01-25', 'Cycling - Track'),
(44, 'Mickael Bourgain', 'FRA', '181', '77', 'M', '1980-05-28', 'Cycling - Road, Cycling - Track'),
(45, 'Borut Bozic', 'SVN', '178', '70', 'M', '1980-08-08', 'Cycling - Road'),
(46, 'Janez Brajkovic', 'SVN', '178', '60', 'M', '1983-12-18', 'Cycling - Road'),
(47, 'Lisa Brennauer', 'DEU', '168', '63', 'F', '1988-06-08', 'Cycling - Track'),
(48, 'Matti Breschel', 'DNK', '182', '68', 'M', '1984-08-31', 'Cycling - Road'),
(49, 'Giorgia Bronzini', 'ITA', '161', '54', 'F', '1983-08-03', 'Cycling - Road'),
(50, 'Laura Brown', 'CAN', '167', '59', 'F', '1986-11-27', 'Cycling - Track'),
(51, 'Rushlee Buchanan', 'NZL', '170', '63', 'F', '1988-01-20', 'Cycling - Track'),
(52, 'Steven Burke', 'GBR', '183', '74', 'M', '1988-03-04', 'Cycling - Track'),
(53, 'Byron Patricio Guama de la Cruz', 'ECU', '170', '61', 'M', '1985-06-14', 'Cycling - Road'),
(54, 'Maria Luisa Calle Williams', 'COL', '168', '52', 'F', '1968-10-03', 'Cycling - Road, Cycling - Track'),
(55, 'Fabian Cancellara', 'CHE', '186', '81', 'M', '1981-03-18', 'Cycling - Road'),
(56, 'Hersony Canelon', 'VEN', '175', '75', 'M', '1988-12-08', 'Cycling - Track'),
(57, 'Noemi Cantele', 'ITA', '170', '58', 'F', '1981-07-17', 'Cycling - Road'),
(58, 'Manuel Antonio Leal Cardoso', 'PRT', '179', '70', 'M', '1983-04-07', 'Cycling - Road'),
(59, 'Gillian Carleton', 'CAN', '179', '68', 'F', '1989-12-03', 'Cycling - Track'),
(60, 'Arles Antonio Castro Laverde', 'COL', '170', '62', 'M', '1979-07-17', 'Cycling - Track'),
(61, 'Jonathan Castroviejo Nicolas', 'ESP', '172', '64', 'M', '1987-04-27', 'Cycling - Road'),
(62, 'Mark Cavendish', 'GBR', '175', '69', 'M', '1985-05-21', 'Cycling - Road'),
(63, 'Sylvain Chavanel', 'FRA', '181', '70', 'M', '1979-06-30', 'Cycling - Road'),
(64, 'Changsong Cheng', 'CHN', '177', '82', 'M', '1985-04-11', 'Cycling - Track'),
(65, 'Hosung Cho', 'PRK', '175', '70', 'M', '1974-06-15', 'Cycling - Track'),
(66, 'Seung Woo Choi', 'PRK', '172', '57', 'M', '1989-12-19', 'Cycling - Track'),
(67, 'Sandie Clair', 'FRA', '160', '59', 'F', '1988-04-01', 'Cycling - Track'),
(68, 'Edward Clancy', 'GBR', '186', '77', 'M', '1985-03-12', 'Cycling - Track'),
(69, 'Nicole Cooke', 'GBR', '167', '58', 'F', '1983-04-13', 'Cycling - Road'),
(70, 'Bryan Coquard', 'FRA', '169', '58', 'M', '1992-04-25', 'Cycling - Track'),
(71, 'Audrey Cordon', 'FRA', '170', '60', 'F', '1989-09-22', 'Cycling - Road'),
(72, 'Dominique Cornu', 'BEL', '196', '78', 'M', '1985-10-10', 'Cycling - Track'),
(73, 'Rui Alberto Faria Costa', 'PRT', '183', '68', 'M', '1986-10-05', 'Cycling - Road'),
(74, 'Dan Craven', 'NAM', '184', '75', 'M', '1983-02-01', 'Cycling - Road'),
(75, 'Virginie Cueff', 'FRA', '170', '61', 'F', '1988-06-18', 'Cycling - Track'),
(76, 'Amy Cure', 'AUS', '172', '63', 'F', '1992-12-31', 'Cycling - Track'),
(77, 'Chloe Hosking', 'AUS', '161', '60', 'F', '1990-10-01', 'Cycling - Road'),
(78, 'Christopher Horner', 'USA', '178', '64', 'M', '1971-10-23', 'Cycling - Road'),
(79, 'Clara Hughes', 'CAN', '176', '69', 'F', '1972-09-27', 'Cycling - Road'),
(80, 'Claudia Hausler', 'DEU', '168', '52', 'F', '1985-11-17', 'Cycling - Road'),
(81, 'Michael Dalmeida', 'FRA', '177', '82', 'M', '1987-09-03', 'Cycling - Track'),
(82, 'Jolien Dhoore', 'BEL', '175', '63', 'F', '1990-03-14', 'Cycling - Track'),
(83, 'Fernanda da Silva Souza', 'BRA', '', '', 'F', '1981-11-15', 'Cycling - Road'),
(84, 'Edward Dawkins', 'NZL', '185', '96', 'M', '1989-07-11', 'Cycling - Track'),
(85, 'Jasper de Buyst', 'BEL', '178', '69', 'M', '1993-11-24', 'Cycling - Track'),
(86, 'Robyn de Groot', 'ZAF', '163', '56', 'F', '1982-12-26', 'Cycling - Road'),
(87, 'Kenny de Ketele', 'BEL', '168', '67', 'M', '1985-06-05', 'Cycling - Track'),
(88, 'Liesbet de Vocht', 'BEL', '167', '61', 'F', '1979-01-05', 'Cycling - Road'),
(89, 'John Degenkolb', 'DEU', '180', '79', 'M', '1989-01-07', 'Cycling - Road'),
(90, 'Arnaud Demare', 'FRA', '180', '74', 'M', '1991-08-26', 'Cycling - Road'),
(91, 'Rohan Dennis', 'AUS', '182', '72', 'M', '1990-05-28', 'Cycling - Track'),
(92, 'Laurent Didier', 'LUX', '189', '69', 'M', '1984-07-19', 'Cycling - Road'),
(93, 'Denis Dmitriev', 'RUS', '176', '92', 'M', '1986-03-23', 'Cycling - Track'),
(94, 'Fabio Andres Duarte Arevalo', 'COL', '168', '55', 'M', '1986-06-11', 'Cycling - Road'),
(95, 'Jonathan Dufrasne', 'BEL', '180', '70', 'M', '1987-08-02', 'Cycling - Track'),
(96, 'Kristijan Durasek', 'HRV', '170', '58', 'M', '1987-07-26', 'Cycling - Road'),
(97, 'Daniela Grelui Larreal', 'VEN', '170', '75', 'F', '1972-10-02', 'Cycling - Track'),
(98, 'Dmytro Krivtsov', 'UKR', '180', '74', 'M', '1985-04-03', 'Cycling - Road'),
(99, 'Alexander Edmondson', 'AUS', '182', '75', 'M', '1993-12-22', 'Cycling - Track'),
(100, 'Annette Edmondson', 'AUS', '171', '65', 'F', '1991-12-12', 'Cycling - Track'),
(101, 'Bernhard Eisel', 'AUT', '183', '78', 'M', '1981-02-17', 'Cycling - Road'),
(102, 'Lauren Ellis', 'NZL', '166', '64', 'F', '1989-04-19', 'Cycling - Track'),
(103, 'Martin Elmiger', 'CHE', '181', '72', 'M', '1978-09-23', 'Cycling - Road'),
(104, 'Rene Enders', 'DEU', '165', '75', 'M', '1987-02-13', 'Cycling - Track'),
(105, 'Bernard Esterhuizen', 'ZAF', '183', '83', 'M', '1992-10-04', 'Cycling - Track'),
(106, 'Cadel Evans', 'AUS', '174', '68', 'M', '1977-02-14', 'Cycling - Road'),
(107, 'Emma Pooley', 'GBR', '157', '48', 'F', '1982-10-03', 'Cycling - Road'),
(108, 'Emilia Fahlin', 'SWE', '176', '64', 'F', '1988-10-24', 'Cycling - Road'),
(109, 'Tyler Farrar', 'USA', '183', '77', 'M', '1984-06-02', 'Cycling - Road'),
(110, 'Clemilda Fernandes Silva', 'BRA', '167', '52', 'F', '1979-06-25', 'Cycling - Road'),
(111, 'Janildes Fernandes Silva', 'BRA', '166', '52', 'F', '1980-08-23', 'Cycling - Road'),
(112, 'Murilo Antonio Fischer', 'BRA', '', '67', 'M', '1979-06-16', 'Cycling - Road'),
(113, 'Christopher Froome', 'GBR', '185', '71', 'M', '1985-05-20', 'Cycling - Road'),
(114, 'Jakob Fuglsang', 'DNK', '182', '69', 'M', '1985-03-22', 'Cycling - Road'),
(115, 'Tony Gallopin', 'FRA', '179', '72', 'M', '1988-05-24', 'Cycling - Road'),
(116, 'Svitlana Galyuk', 'UKR', '177', '66', 'F', '1987-11-19', 'Cycling - Track'),
(117, 'Danielys Garcia', 'VEN', '170', '68', 'F', '1986-08-20', 'Cycling - Road, Cycling - Track'),
(118, 'Evelyn Yesenia Garcia Marroquin', 'SLV', '163', '54', 'F', '1982-12-29', 'Cycling - Road'),
(119, 'Diana Maria Garcia Orrego', 'COL', '161', '60', 'F', '1982-03-17', 'Cycling - Track'),
(120, 'Gonzalo Andres Garrido Zenteno', 'CHL', '174', '69', 'M', '1973-09-02', 'Cycling - Road'),
(121, 'Tomas Aurelio Gil Martinez', 'VEN', '165', '60', 'M', '1977-05-23', 'Cycling - Road'),
(122, 'Philippe Gilbert', 'BEL', '183', '70', 'M', '1982-07-05', 'Cycling - Road'),
(123, 'Shara Gillow', 'AUS', '175', '58', 'F', '1987-12-23', 'Cycling - Road'),
(124, 'Jasmin Glaesser', 'CAN', '167', '58', 'F', '1992-07-08', 'Cycling - Track'),
(125, 'Matthew Glaetzer', 'AUS', '190', '86', 'M', '1992-08-24', 'Cycling - Track'),
(126, 'Ekaterina Gnidenko', 'RUS', '167', '65', 'F', '1992-12-11', 'Cycling - Track'),
(127, 'Michal Golas', 'POL', '180', '65', 'M', '1984-04-29', 'Cycling - Road'),
(128, 'Jinjie Gong', 'CHN', '165', '65', 'F', '1986-11-12', 'Cycling - Track'),
(129, 'Angie Gonzalez', 'VEN', '158', '60', 'F', '1981-01-03', 'Cycling - Road, Cycling - Track'),
(130, 'Yumari Gonzalez Valdivieso', 'CUB', '', '', 'F', '1979-06-13', 'Cycling - Road'),
(131, 'Matthew Harley Goss', 'AUS', '179', '73', 'M', '1986-11-05', 'Cycling - Road'),
(132, 'Westley Gough', 'NZL', '185', '75', 'M', '1988-05-04', 'Cycling - Track'),
(133, 'Bert Grabsch', 'DEU', '179', '79', 'M', '1975-06-19', 'Cycling - Road'),
(134, 'Andre Greipel', 'DEU', '184', '82', 'M', '1982-07-16', 'Cycling - Road'),
(135, 'Andriy Grivko', 'UKR', '180', '73', 'M', '1983-08-07', 'Cycling - Road'),
(136, 'Tatiana Guderzo', 'ITA', '160', '52', 'F', '1984-08-22', 'Cycling - Road'),
(137, 'Lisandra Guerra Rodriguez', 'CUB', '', '', 'F', '1987-10-31', 'Cycling - Track'),
(138, 'Loes Gunnewijk', 'NLD', '178', '67', 'F', '1980-11-27', 'Cycling - Road'),
(139, 'Spas Gyurov', 'BGR', '184', '75', 'M', '1986-02-07', 'Cycling - Road'),
(140, 'Glenn Oshea', 'AUS', '180', '76', 'M', '1989-06-14', 'Cycling - Track'),
(141, 'Gustav Larsson', 'SWE', '194', '80', 'M', '1980-09-20', 'Cycling - Road'),
(142, 'Soufiane Haddi', 'MAR', '', '', 'M', '1991-02-02', 'Cycling - Road'),
(143, 'Alireza Haghi', 'IRN', '178', '78', 'M', '1979-02-08', 'Cycling - Road'),
(144, 'Mayuko Hagiwara', 'JPN', '168', '52', 'F', '1986-10-16', 'Cycling - Road'),
(145, 'Sarah Hammer', 'USA', '170', '61', 'F', '1983-08-18', 'Cycling - Track'),
(146, 'Lasse Norman Hansen', 'DNK', '180', '73', 'M', '1992-02-11', 'Cycling - Track'),
(147, 'Natasha Hansen', 'NZL', '167', '68', 'F', '1989-11-15', 'Cycling - Track'),
(148, 'Greg Henderson', 'NZL', '180', '74', 'M', '1976-09-10', 'Cycling - Road'),
(149, 'Ludivine Henrion', 'BEL', '171', '60', 'F', '1984-01-23', 'Cycling - Road'),
(150, 'Michael Hepburn', 'AUS', '186', '77', 'M', '1991-08-17', 'Cycling - Track'),
(151, 'Yvonne Hijgenaar', 'NLD', '171', '68', 'F', '1980-05-15', 'Cycling - Track'),
(152, 'Philip Hindes', 'GBR', '177', '83', 'M', '1992-09-22', 'Cycling - Track'),
(153, 'Wendy Houvenaghel', 'GBR', '176', '60', 'F', '1974-11-27', 'Cycling - Track'),
(154, 'Chris Hoy', 'GBR', '185', '93', 'M', '1976-03-23', 'Cycling - Track'),
(155, 'Li Huang', 'CHN', '165', '54', 'F', '1988-12-23', 'Cycling - Track'),
(156, 'Yauheni Hutarovich', 'BLR', '179', '71', 'M', '1983-11-29', 'Cycling - Road'),
(157, 'Daryl Impey', 'ZAF', '183', '70', 'M', '1984-12-06', 'Cycling - Road'),
(158, 'Martyn Irvine', 'IRL', '179', '80', 'M', '1985-06-06', 'Cycling - Track'),
(159, 'Vladimir Isaychev', 'RUS', '188', '80', 'M', '1986-04-21', 'Cycling - Road'),
(160, 'Ingrid Drexel', 'MEX', '173', '62', 'F', '1993-07-28', 'Cycling - Road'),
(161, 'Sun Jae Jang', 'PRK', '177', '72', 'M', '1984-12-14', 'Cycling - Track'),
(162, 'Adil Jelloul', 'MAR', '173', '62', 'M', '1982-07-14', 'Cycling - Road'),
(163, 'Fan Jiang', 'CHN', '178', '70', 'F', '1990-03-18', 'Cycling - Track'),
(164, 'Wenwen Jiang', 'CHN', '178', '69', 'F', '1986-11-23', 'Cycling - Track'),
(165, 'Emma Johansson', 'SWE', '167', '58', 'F', '1983-09-23', 'Cycling - Road'),
(166, 'Jenning Huizenga', 'NLD', '185', '70', 'M', '1984-03-29', 'Cycling - Track'),
(167, 'Juliana Gaviria Rendon', 'COL', '165', '58', 'F', '1991-03-31', 'Cycling - Track'),
(168, 'Mirac Kal', 'TUR', '177', '72', 'M', '1987-07-08', 'Cycling - Road'),
(169, 'Lesya Kalitovska', 'UKR', '174', '68', 'F', '1988-02-13', 'Cycling - Track'),
(170, 'Willy Kanis', 'NLD', '172', '80', 'F', '1984-07-27', 'Cycling - Track'),
(171, 'Gabor Kasa', 'SRB', '180', '72', 'M', '1989-02-03', 'Cycling - Road'),
(172, 'Pavel Kelemen', 'CZE', '187', '78', 'M', '1991-05-28', 'Cycling - Track'),
(173, 'Peter Kennaugh', 'GBR', '174', '64', 'M', '1989-06-15', 'Cycling - Road, Cycling - Track'),
(174, 'Jason Kenny', 'GBR', '177', '80', 'M', '1988-03-23', 'Cycling - Track'),
(175, 'Joanne Kiesanowski', 'NZL', '169', '60', 'F', '1979-05-24', 'Cycling - Track'),
(176, 'Dani King', 'GBR', '175', '62', 'F', '1990-11-21', 'Cycling - Track'),
(177, 'Vasil Kiryienka', 'BLR', '182', '71', 'M', '1981-06-28', 'Cycling - Road'),
(178, 'Roger Kluge', 'DEU', '193', '83', 'M', '1986-02-05', 'Cycling - Track'),
(179, 'Vera Koedooder', 'NLD', '183', '67', 'F', '1983-10-31', 'Cycling - Track'),
(180, 'Alexandr Kolobnev', 'RUS', '174', '64', 'M', '1981-05-04', 'Cycling - Road'),
(181, 'Evgeny Kovalev', 'RUS', '184', '75', 'M', '1989-03-06', 'Cycling - Track'),
(182, 'Ivan Kovalev', 'RUS', '184', '78', 'M', '1986-07-26', 'Cycling - Track'),
(183, 'Roman Kreuziger', 'CZE', '183', '67', 'M', '1986-05-06', 'Cycling - Road'),
(184, 'Kamil Kuczynski', 'POL', '188', '90', 'M', '1985-03-23', 'Cycling - Track'),
(185, 'Michal Kwiatkowski', 'POL', '176', '68', 'M', '1990-06-02', 'Cycling - Road'),
(186, 'Kemal Kucukbay', 'TUR', '174', '70', 'M', '1982-08-23', 'Cycling - Road'),
(187, 'Keon Woo Park', 'PRK', '173', '65', 'M', '1991-07-18', 'Cycling - Track'),
(188, 'Vegard Stake Laengen', 'NOR', '', '', 'M', '1989-02-07', 'Cycling - Road'),
(189, 'Azzedine Lagab', 'DZA', '172', '67', 'M', '1986-09-18', 'Cycling - Road'),
(190, 'Sergey Lagutin', 'UZB', '175', '73', 'M', '1981-01-14', 'Cycling - Road'),
(191, 'Mouhcine Lahsaini', 'MAR', '184', '77', 'M', '1985-08-23', 'Cycling - Road'),
(192, 'Bobby Lea', 'USA', '188', '77', 'M', '1983-10-17', 'Cycling - Track'),
(193, 'Eun Ji Lee', 'PRK', '165', '63', 'F', '1989-12-11', 'Cycling - Track'),
(194, 'Hyejin Lee', 'PRK', '164', '50', 'F', '1992-01-23', 'Cycling - Track'),
(195, 'Minhye Lee', 'PRK', '174', '70', 'F', '1985-10-11', 'Cycling - Track'),
(196, 'Wai Sze Lee', 'HKG', '160', '54', 'F', '1987-05-12', 'Cycling - Road, Cycling - Track'),
(197, 'Maximilian Levy', 'DEU', '182', '88', 'M', '1987-06-26', 'Cycling - Track'),
(198, 'Jing Liang', 'CHN', '172', '60', 'F', '1985-01-04', 'Cycling - Track'),
(199, 'Carlos Daniel Linarez Zambrano', 'VEN', '180', '80', 'M', '1991-09-05', 'Cycling - Track'),
(200, 'Xin Liu', 'CHN', '165', '52', 'F', '1986-11-05', 'Cycling - Road'),
(201, 'Maryia Lohvinava', 'BLR', '159', '62', 'F', '1992-09-25', 'Cycling - Track'),
(202, 'Krisztian Lovassy', 'HUN', '180', '71', 'M', '1988-06-23', 'Cycling - Road'),
(203, 'Levi Heimans', 'NLD', '191', '82', 'M', '1985-07-24', 'Cycling - Track'),
(204, 'Kayono Maeda', 'JPN', '165', '63', 'F', '1991-01-13', 'Cycling - Track'),
(205, 'Christine Majerus', 'LUX', '173', '56', 'F', '1987-02-25', 'Cycling - Road'),
(206, 'Rene Mandri', 'EST', '184', '66', 'M', '1984-01-20', 'Cycling - Road'),
(207, 'Juthatip Maneephan', 'THA', '156', '59', 'F', '1988-07-08', 'Cycling - Road'),
(208, 'Luis Mansilla', 'CHL', '175', '68', 'M', '1986-07-26', 'Cycling - Track'),
(209, 'Cesar Marcano', 'VEN', '175', '80', 'M', '1987-10-22', 'Cycling - Track'),
(210, 'Alexey Markov', 'RUS', '181', '81', 'M', '1979-05-26', 'Cycling - Track'),
(211, 'Daniel Martin', 'IRL', '176', '62', 'M', '1986-08-20', 'Cycling - Road'),
(212, 'Tony Martin', 'DEU', '186', '75', 'M', '1985-04-23', 'Cycling - Road'),
(213, 'Hodei Mazquiaran Uria', 'ESP', '195', '102', 'M', '1988-12-16', 'Cycling - Track'),
(214, 'Kaarle Mcculloch', 'AUS', '168', '69', 'F', '1988-01-20', 'Cycling - Track'),
(215, 'Anna Meares', 'AUS', '165', '72', 'F', '1983-09-21', 'Cycling - Track'),
(216, 'Marlies Mejias Garcia', 'CUB', '', '', 'F', '1992-12-29', 'Cycling - Track'),
(217, 'Denis Menchov', 'RUS', '180', '65', 'M', '1978-01-25', 'Cycling - Road'),
(218, 'David Millar', 'GBR', '191', '78', 'M', '1977-01-04', 'Cycling - Road'),
(219, 'Ethan Mitchell', 'NZL', '180', '81', 'M', '1991-02-19', 'Cycling - Track'),
(220, 'David MmcCann', 'IRL', '180', '73', 'M', '1973-03-17', 'Cycling - Road'),
(221, 'Emilie Moberg', 'NOR', '', '', 'F', '1991-07-12', 'Cycling - Road'),
(222, 'Sacha Modolo', 'ITA', '180', '67', 'M', '1987-06-19', 'Cycling - Road'),
(223, 'Ashleigh Moolman', 'ZAF', '163', '50', 'F', '1985-12-09', 'Cycling - Road'),
(224, 'Sebastian Mora Vedri', 'ESP', '181', '70', 'M', '1988-02-19', 'Cycling - Track'),
(225, 'Michael Morkov', 'DNK', '183', '67', 'M', '1985-04-30', 'Cycling - Track'),
(226, 'Teun Mulder', 'NLD', '182', '87', 'M', '1981-06-18', 'Cycling - Track'),
(227, 'Paola Andrea Munoz Grandon', 'CHL', '164', '54', 'F', '1986-04-13', 'Cycling - Road'),
(228, 'David Muntaner Juaneda', 'ESP', '187', '78', 'M', '1983-07-12', 'Cycling - Track'),
(229, 'Fatehah Mustapa', 'MYS', '163', '50', 'F', '1989-03-12', 'Cycling - Track'),
(230, 'Melissa Hoskins', 'AUS', '175', '64', 'F', '1991-02-24', 'Cycling - Track'),
(231, 'Muradjan Halmuratov', 'UZB', '185', '68', 'M', '1982-06-11', 'Cycling - Road'),
(232, 'Ahreum Na', 'PRK', '162', '58', 'F', '1990-03-24', 'Cycling - Road'),
(233, 'Giorgi Nadiradze', 'GEO', '178', '70', 'M', '1987-09-25', 'Cycling - Road'),
(234, 'Seiichiro Nakagawa', 'JPN', '174', '77', 'M', '1979-06-07', 'Cycling - Track'),
(235, 'Ramunas Navardauskas', 'LTU', '190', '78', 'M', '1988-01-30', 'Cycling - Road'),
(236, 'Magno Prado Nazaret', 'BRA', '174', '67', 'M', '1986-01-17', 'Cycling - Road'),
(237, 'Amber Neben', 'USA', '163', '50', 'F', '1975-02-18', 'Cycling - Road'),
(238, 'Andrei Nechita', 'ROU', '183', '70', 'M', '1988-05-29', 'Cycling - Road'),
(239, 'Josiah Ng Onn Lam', 'MYS', '174', '70', 'M', '1980-02-02', 'Cycling - Track'),
(240, 'Vincenzo Nibali', 'ITA', '179', '61', 'M', '1984-11-14', 'Cycling - Road'),
(241, 'Jaime Nielsen', 'NZL', '177', '70', 'F', '1985-09-03', 'Cycling - Track'),
(242, 'Stefan Nimke', 'DEU', '186', '94', 'M', '1978-03-01', 'Cycling - Track'),
(243, 'Yudai Nitta', 'JPN', '173', '77', 'M', '1986-01-25', 'Cycling - Track'),
(244, 'Lars Petter Nordhaug', 'NOR', '', '', 'M', '1984-05-14', 'Cycling - Road'),
(245, 'Joelle Numainville', 'CAN', '175', '65', 'F', '1987-11-20', 'Cycling - Road'),
(246, 'Stuart OGrady', 'AUS', '177', '71', 'M', '1973-08-06', 'Cycling - Road'),
(247, 'Leire Olaberria Dorronsoro', 'ESP', '172', '61', 'F', '1977-02-17', 'Cycling - Track'),
(248, 'Shelley Olds', 'USA', '157', '54', 'F', '1980-09-30', 'Cycling - Road'),
(249, 'Nelson Filipe S. Simoes Oliveira', 'PRT', '180', '66', 'M', '1989-03-06', 'Cycling - Road'),
(250, 'Muhamad Adiq Husainie Othman', 'MYS', '172', '65', 'M', '1991-04-29', 'Cycling - Road'),
(251, 'Omar Hasannen', 'SYR', '178', '75', 'M', '1978-11-09', 'Cycling - Road'),
(252, 'Olga Panarina', 'BLR', '176', '75', 'F', '1985-09-16', 'Cycling - Track'),
(253, 'Gregolry Panizo', 'BRA', '', '', 'M', '1985-05-12', 'Cycling - Road'),
(254, 'Larisa Pankova', 'RUS', '176', '52', 'F', '1991-05-12', 'Cycling - Road'),
(255, 'Luca Paolini', 'ITA', '174', '66', 'M', '1977-01-17', 'Cycling - Road'),
(256, 'Aksana Papko', 'BLR', '162', '58', 'F', '1988-11-16', 'Cycling - Track'),
(257, 'Victoria Pendleton', 'GBR', '165', '60', 'F', '1980-09-24', 'Cycling - Track'),
(258, 'Juan Peralta Gascon', 'ESP', '193', '91', 'M', '1990-05-17', 'Cycling - Track'),
(259, 'Walter Fernando Perez', 'ARG', '180', '75', 'M', '1975-01-31', 'Cycling - Road, Cycling - Track'),
(260, 'Shane Perkins', 'AUS', '178', '90', 'M', '1986-12-30', 'Cycling - Track'),
(261, 'Njisane Nicholas Phillip', 'TTO', '185', '88', 'M', '1991-05-29', 'Cycling - Track'),
(262, 'Taylor Phinney', 'USA', '196', '86', 'M', '1990-06-27', 'Cycling - Road'),
(263, 'Amy Pieters', 'NLD', '164', '58', 'F', '1991-06-01', 'Cycling - Track'),
(264, 'Maaike Polspoel', 'BEL', '178', '59', 'F', '1989-03-28', 'Cycling - Road'),
(265, 'Fabian Hernando Puerta Zapata', 'COL', '182', '90', 'M', '1991-07-12', 'Cycling - Track'),
(266, 'Angel Pulgar', 'VEN', '170', '70', 'M', '1989-02-07', 'Cycling - Track'),
(267, 'Rasmus Christian Quaade', 'DNK', '175', '75', 'M', '1990-01-07', 'Cycling - Track'),
(268, 'Gregory Rast', 'CHE', '186', '80', 'M', '1980-01-17', 'Cycling - Road'),
(269, 'Jennie Reed', 'USA', '170', '79', 'F', '1978-04-20', 'Cycling - Track'),
(270, 'Maximiliano Ariel Richeze', 'ARG', '172', '68', 'M', '1983-03-07', 'Cycling - Road, Cycling - Track'),
(271, 'Kevin Daniel Rios Quintana', 'COL', '183', '73', 'M', '1993-01-24', 'Cycling - Track'),
(272, 'Jackson Rodriguez', 'VEN', '168', '60', 'M', '1985-02-25', 'Cycling - Road'),
(273, 'Jurgen Roelandts', 'BEL', '185', '77', 'M', '1985-07-02', 'Cycling - Road'),
(274, 'Michael Rogers', 'AUS', '185', '72', 'M', '1979-12-20', 'Cycling - Road'),
(275, 'Radoslav Rogina', 'HRV', '186', '68', 'M', '1979-03-03', 'Cycling - Road'),
(276, 'Jose Joaquin Rojas Gil', 'ESP', '178', '76', 'M', '1985-06-08', 'Cycling - Road'),
(277, 'Weimar Alfonso Roldan Ortiz', 'COL', '175', '65', 'M', '1985-05-17', 'Cycling - Track'),
(278, 'Evgeniya Romanyuta', 'RUS', '166', '60', 'F', '1988-01-22', 'Cycling - Track'),
(279, 'Joanna Rowsell', 'GBR', '180', '64', 'F', '1988-12-05', 'Cycling - Track'),
(280, 'Amir Mustafa Rusli', 'MYS', '172', '65', 'M', '1987-02-05', 'Cycling - Road'),
(281, 'Marc Ryan', 'NZL', '185', '77', 'M', '1982-10-14', 'Cycling - Track'),
(282, 'Ryder Hesjedal', 'CAN', '188', '73', 'M', '1980-12-09', 'Cycling - Road'),
(283, 'Peter Sagan', 'SVK', '183', '74', 'M', '1990-01-26', 'Cycling - Road'),
(284, 'Branislau Samoilau', 'BLR', '187', '75', 'M', '1985-05-25', 'Cycling - Road'),
(285, 'Clara Sanchez', 'FRA', '165', '60', 'F', '1983-09-20', 'Cycling - Track'),
(286, 'Luis Leon Sanchez Gil', 'ESP', '186', '73', 'M', '1983-11-24', 'Cycling - Road'),
(287, 'Madeleine Sandig', 'DEU', '166', '57', 'F', '1983-08-12', 'Cycling - Track'),
(288, 'Aleksejs Saramotins', 'LVA', '184', '75', 'M', '1982-04-08', 'Cycling - Road'),
(289, 'Michael Schar', 'CHE', '198', '78', 'M', '1986-09-29', 'Cycling - Road'),
(290, 'Frank Schleck', 'LUX', '186', '69', 'M', '1980-04-15', 'Cycling - Road'),
(291, 'Daniel Schorn', 'AUT', '183', '72', 'M', '1988-10-21', 'Cycling - Road'),
(292, 'Jesse Sergent', 'NZL', '189', '77', 'M', '1988-07-08', 'Cycling - Track'),
(293, 'Alexander Serov', 'RUS', '189', '76', 'M', '1982-11-12', 'Cycling - Track'),
(294, 'Alison Shanks', 'NZL', '171', '63', 'F', '1982-12-13', 'Cycling - Track'),
(295, 'Tatsiana Sharakova', 'BLR', '160', '53', 'F', '1984-07-31', 'Cycling - Track'),
(296, 'Lyubov Shulika', 'UKR', '166', '65', 'F', '1988-07-16', 'Cycling - Track'),
(297, 'Marcel Sieberg', 'DEU', '198', '82', 'M', '1982-04-30', 'Cycling - Road'),
(298, 'Kevin Sireau', 'FRA', '188', '90', 'M', '1987-04-18', 'Cycling - Track'),
(299, 'Nicki Sorensen', 'DNK', '183', '72', 'M', '1975-05-14', 'Cycling - Road'),
(300, 'Jorge Adelbio Soto Perera', 'URY', '186', '85', 'M', '1986-08-08', 'Cycling - Road'),
(301, 'Denis Spicka', 'CZE', '181', '93', 'M', '1988-08-29', 'Cycling - Track'),
(302, 'Amanda Spratt', 'AUS', '161', '55', 'F', '1987-09-17', 'Cycling - Road'),
(303, 'Ian Stannard', 'GBR', '190', '80', 'M', '1987-05-25', 'Cycling - Road'),
(304, 'Evelyn Stevens', 'USA', '165', '56', 'F', '1983-05-09', 'Cycling - Road'),
(305, 'Ivan Stevic', 'SRB', '172', '68', 'M', '1980-03-12', 'Cycling - Road'),
(306, 'Monique Sullivan', 'CAN', '167', '50', 'F', '1989-02-21', 'Cycling - Track'),
(307, 'Scott Sunderland', 'AUS', '178', '92', 'M', '1988-03-16', 'Cycling - Track'),
(308, 'Pia Sundstedt', 'FIN', '168', '52', 'F', '1975-05-02', 'Cycling - Road'),
(309, 'Sebastian Langeveld', 'NLD', '178', '68', 'M', '1985-01-17', 'Cycling - Road'),
(310, 'Seonho Park', 'PRK', '182', '74', 'M', '1984-03-15', 'Cycling - Track'),
(311, 'Sergey Kucherov', 'RUS', '175', '95', 'M', '1980-07-18', 'Cycling - Track'),
(312, 'Sergio Luis Henao Montoya', 'COL', '170', '61', 'M', '1987-12-10', 'Cycling - Road'),
(313, 'Simona Krupeckaite', 'LTU', '170', '70', 'F', '1982-12-13', 'Cycling - Track'),
(314, 'Sung Baek Park', 'PRK', '175', '73', 'M', '1985-02-27', 'Cycling - Road, Cycling - Track'),
(315, 'Lauren Tamayo', 'USA', '178', '64', 'F', '1983-10-25', 'Cycling - Track'),
(316, 'Ioannis Tamouridis', 'GRC', '180', '74', 'M', '1980-06-03', 'Cycling - Road'),
(317, 'Elena Tchalykh', 'AZE', '159', '59', 'F', '1974-03-25', 'Cycling - Road'),
(318, 'Daniel Teklehaimanot', 'ERI', '188', '71', 'M', '1988-11-10', 'Cycling - Road'),
(319, 'Andrew Tennant', 'GBR', '192', '79', 'M', '1987-03-09', 'Cycling - Track'),
(320, 'Niki Terpstra', 'NLD', '185', '74', 'M', '1984-05-18', 'Cycling - Road'),
(321, 'Eloy Teruel Rovira', 'ESP', '181', '73', 'M', '1982-11-20', 'Cycling - Track'),
(322, 'Ina Teutenberg', 'DEU', '164', '63', 'F', '1974-10-28', 'Cycling - Road'),
(323, 'Geraint Thomas', 'GBR', '183', '71', 'M', '1986-05-25', 'Cycling - Road, Cycling - Track'),
(324, 'Grete Treier', 'EST', '170', '62', 'F', '1977-12-12', 'Cycling - Road'),
(325, 'Olena Tsyos', 'UKR', '166', '60', 'F', '1990-05-09', 'Cycling - Track'),
(326, 'Timothy Duggan', 'USA', '173', '60', 'M', '1982-11-14', 'Cycling - Road'),
(327, 'Rigoberto Uran Uran', 'COL', '173', '62', 'M', '1987-01-26', 'Cycling - Road'),
(328, 'Alejandro Valverde Belmonte', 'ESP', '176', '62', 'M', '1980-04-25', 'Cycling - Road'),
(329, 'Greg van Avermaet', 'BEL', '181', '72', 'M', '1985-05-17', 'Cycling - Road'),
(330, 'Joanna van de Winkel', 'ZAF', '167', '45', 'F', '1982-04-22', 'Cycling - Road'),
(331, 'Ellen van Dijk', 'NLD', '182', '74', 'F', '1987-02-11', 'Cycling - Road, Cycling - Track'),
(332, 'Tejay van Garderen', 'USA', '185', '70', 'M', '1988-08-12', 'Cycling - Road'),
(333, 'Gijs van Hoecke', 'BEL', '186', '75', 'M', '1991-11-12', 'Cycling - Track'),
(334, 'Simon van Velthooven', 'NZL', '185', '92', 'M', '1988-12-08', 'Cycling - Track'),
(335, 'Annemiek van Vleuten', 'NLD', '168', '62', 'F', '1982-10-08', 'Cycling - Road'),
(336, 'Stijn Vandenbergh', 'BEL', '199', '84', 'M', '1984-04-25', 'Cycling - Road'),
(337, 'Jessica Varnish', 'GBR', '167', '69', 'F', '1990-11-19', 'Cycling - Track'),
(338, 'Jussi Veikkanen', 'FIN', '178', '66', 'M', '1981-03-29', 'Cycling - Road'),
(339, 'Tim Veldt', 'NLD', '186', '78', 'M', '1984-02-14', 'Cycling - Track'),
(340, 'Joseph Veloce', 'CAN', '180', '82', 'M', '1989-04-23', 'Cycling - Track'),
(341, 'Francisco Jose Ventoso Alberdi', 'ESP', '180', '81', 'M', '1982-05-06', 'Cycling - Road'),
(342, 'Mariaesthela Vilera', 'VEN', '165', '70', 'F', '1988-12-26', 'Cycling - Track'),
(343, 'Linda Melanie Villumsen', 'NZL', '165', '85', 'F', '1985-04-09', 'Cycling - Road'),
(344, 'Alexandr Vinokurov', 'KAZ', '176', '69', 'M', '1973-09-16', 'Cycling - Road'),
(345, 'Elia Viviani', 'ITA', '177', '70', 'M', '1989-02-07', 'Cycling - Road, Cycling - Track'),
(346, 'Kristina Vogel', 'DEU', '160', '62', 'F', '1990-11-10', 'Cycling - Track'),
(347, 'Christos Volikakis', 'GRC', '171', '83', 'M', '1988-03-25', 'Cycling - Track'),
(348, 'Zafeirios Volikakis', 'GRC', '171', '83', 'M', '1989-06-20', 'Cycling - Track'),
(349, 'Casper von Folsach', 'DNK', '193', '78', 'M', '1993-03-30', 'Cycling - Track'),
(350, 'Marianne Vos', 'NLD', '169', '52', 'F', '1987-05-13', 'Cycling - Road'),
(351, 'Kazunari Watanabe', 'JPN', '176', '76', 'M', '1983-08-12', 'Cycling - Track'),
(352, 'Jimmy Watkins', 'USA', '185', '96', 'M', '1982-08-26', 'Cycling - Track'),
(353, 'Miriam Welte', 'DEU', '171', '67', 'F', '1986-12-09', 'Cycling - Track'),
(354, 'Lieuwe Westra', 'NLD', '185', '71', 'M', '1982-09-11', 'Cycling - Road'),
(355, 'Tara Whitten', 'CAN', '166', '67', 'F', '1980-07-13', 'Cycling - Track'),
(356, 'Bradley Wiggins', 'GBR', '190', '77', 'M', '1980-04-28', 'Cycling - Road, Cycling - Track'),
(357, 'Kirsten Wild', 'NLD', '176', '75', 'F', '1982-10-15', 'Cycling - Track'),
(358, 'Malgorzata Wojtyra', 'POL', '176', '70', 'F', '1989-09-21', 'Cycling - Track'),
(359, 'Trixi Worrack', 'DEU', '160', '50', 'F', '1981-09-28', 'Cycling - Road'),
(360, 'Olga Zabelinskaya', 'RUS', '175', '61', 'F', '1980-05-10', 'Cycling - Road'),
(361, 'Hector Hugo Zamarron Rangel', 'MEX', '173', '63', 'M', '1980-08-29', 'Cycling - Road'),
(362, 'Amir Zargari', 'IRN', '180', '67', 'M', '1980-07-31', 'Cycling - Road'),
(363, 'Lei Zhang', 'CHN', '178', '80', 'M', '1981-04-04', 'Cycling - Track'),
(364, 'Miao Zhang', 'CHN', '183', '80', 'M', '1988-08-12', 'Cycling - Track');

-- --------------------------------------------------------

--
-- Table structure for table `event`
--

CREATE TABLE `event` (
  `record_id` int(11) NOT NULL,
  `cyclist_id` int(11) NOT NULL,
  `event_name` varchar(70) DEFAULT NULL
) ENGINE=MyISAM DEFAULT CHARSET=utf8;

--
-- Dumping data for table `event`
--

INSERT INTO `event` (`record_id`, `cyclist_id`, `event_name`) VALUES
(1, 1, 'Men\'s Road Race'),
(2, 1, 'Men\'s Individual Time Trial'),
(3, 2, 'Men\'s Road Race'),
(4, 2, 'Men\'s Individual Time Trial'),
(5, 3, 'Men\'s Road Race'),
(6, 4, 'Men\'s Road Race'),
(7, 5, 'Women\'s Road Race'),
(8, 6, 'Men\'s Road Race'),
(9, 7, 'Women\'s Road Race'),
(10, 8, 'Women\'s Road Race'),
(11, 8, 'Women\'s Individual Time Trial'),
(12, 9, 'Men\'s Team Pursuit'),
(13, 9, 'Men\'s Omnium'),
(14, 10, 'Men\'s Road Race'),
(15, 11, 'Men\'s Omnium'),
(16, 12, 'Women\'s Road Race'),
(17, 12, 'Women\'s Individual Time Trial'),
(18, 13, 'Women\'s Team Pursuit'),
(19, 13, 'Women\'s Road Race'),
(20, 13, 'Women\'s Individual Time Trial'),
(21, 14, 'Men\'s Team Pursuit'),
(22, 15, 'Men\'s Keirin'),
(23, 15, 'Men\'s Sprint'),
(24, 16, 'Women\'s Team Pursuit'),
(25, 17, 'Men\'s Road Race'),
(26, 18, 'Women\'s Road Race'),
(27, 19, 'Women\'s Road Race'),
(28, 20, 'Men\'s Road Race'),
(29, 21, 'Men\'s Road Race'),
(30, 21, 'Men\'s Individual Time Trial'),
(31, 22, 'Women\'s Sprint'),
(32, 23, 'Men\'s Road Race'),
(33, 24, 'Women\'s Road Race'),
(34, 25, 'Men\'s Road Race'),
(35, 25, 'Men\'s Individual Time Trial'),
(36, 26, 'Men\'s Team Sprint'),
(37, 26, 'Men\'s Sprint'),
(38, 27, 'Women\'s Team Pursuit'),
(39, 28, 'Men\'s Road Race'),
(40, 28, 'Men\'s Individual Time Trial'),
(41, 29, 'Women\'s Team Pursuit'),
(42, 29, 'Women\'s Road Race'),
(43, 30, 'Men\'s Omnium'),
(44, 31, 'Men\'s Road Race'),
(45, 31, 'Men\'s Individual Time Trial'),
(46, 32, 'Men\'s Road Race'),
(47, 33, 'Men\'s Team Pursuit'),
(48, 34, 'Women\'s Road Race'),
(49, 35, 'Men\'s Team Sprint'),
(50, 36, 'Men\'s Road Race'),
(51, 36, 'Men\'s Individual Time Trial'),
(52, 37, 'Men\'s Team Pursuit'),
(53, 38, 'Women\'s Team Pursuit'),
(54, 39, 'Men\'s Road Race'),
(55, 39, 'Men\'s Individual Time Trial'),
(56, 40, 'Men\'s Road Race'),
(57, 41, 'Men\'s Road Race'),
(58, 41, 'Men\'s Individual Time Trial'),
(59, 42, 'Men\'s Road Race'),
(60, 43, 'Men\'s Team Sprint'),
(61, 43, 'Men\'s Keirin'),
(62, 44, 'Men\'s Keirin'),
(63, 44, 'Men\'s Road Race'),
(64, 45, 'Men\'s Road Race'),
(65, 46, 'Men\'s Road Race'),
(66, 46, 'Men\'s Individual Time Trial'),
(67, 47, 'Women\'s Team Pursuit'),
(68, 48, 'Men\'s Road Race'),
(69, 49, 'Women\'s Road Race'),
(70, 50, 'Women\'s Team Pursuit'),
(71, 51, 'Women\'s Team Pursuit'),
(72, 52, 'Men\'s Team Pursuit'),
(73, 53, 'Men\'s Road Race'),
(74, 54, 'Women\'s Omnium'),
(75, 54, 'Women\'s Individual Time Trial'),
(76, 55, 'Men\'s Road Race'),
(77, 55, 'Men\'s Individual Time Trial'),
(78, 56, 'Men\'s Team Sprint'),
(79, 56, 'Men\'s Keirin'),
(80, 56, 'Men\'s Sprint'),
(81, 57, 'Women\'s Road Race'),
(82, 57, 'Women\'s Individual Time Trial'),
(83, 58, 'Men\'s Road Race'),
(84, 59, 'Women\'s Team Pursuit'),
(85, 60, 'Men\'s Team Pursuit'),
(86, 61, 'Men\'s Road Race'),
(87, 61, 'Men\'s Individual Time Trial'),
(88, 62, 'Men\'s Road Race'),
(89, 63, 'Men\'s Road Race'),
(90, 63, 'Men\'s Individual Time Trial'),
(91, 64, 'Men\'s Team Sprint'),
(92, 65, 'Men\'s Omnium'),
(93, 66, 'Men\'s Team Pursuit'),
(94, 67, 'Women\'s Team Sprint'),
(95, 68, 'Men\'s Team Pursuit'),
(96, 68, 'Men\'s Omnium'),
(97, 69, 'Women\'s Road Race'),
(98, 70, 'Men\'s Omnium'),
(99, 71, 'Women\'s Road Race'),
(100, 71, 'Women\'s Individual Time Trial'),
(101, 72, 'Men\'s Team Pursuit'),
(102, 73, 'Men\'s Road Race'),
(103, 74, 'Men\'s Road Race'),
(104, 75, 'Women\'s Team Sprint'),
(105, 75, 'Women\'s Sprint'),
(106, 76, 'Women\'s Team Pursuit'),
(107, 77, 'Women\'s Road Race'),
(108, 78, 'Men\'s Road Race'),
(109, 79, 'Women\'s Road Race'),
(110, 79, 'Women\'s Individual Time Trial'),
(111, 80, 'Women\'s Road Race'),
(112, 81, 'Men\'s Team Sprint'),
(113, 82, 'Women\'s Omnium'),
(114, 83, 'Women\'s Road Race'),
(115, 84, 'Men\'s Team Sprint'),
(116, 84, 'Men\'s Sprint'),
(117, 85, 'Men\'s Team Pursuit'),
(118, 86, 'Women\'s Road Race'),
(119, 87, 'Men\'s Team Pursuit'),
(120, 88, 'Women\'s Road Race'),
(121, 88, 'Women\'s Individual Time Trial'),
(122, 89, 'Men\'s Road Race'),
(123, 90, 'Men\'s Road Race'),
(124, 91, 'Men\'s Team Pursuit'),
(125, 92, 'Men\'s Road Race'),
(126, 93, 'Men\'s Team Sprint'),
(127, 93, 'Men\'s Sprint'),
(128, 94, 'Men\'s Road Race'),
(129, 94, 'Men\'s Individual Time Trial'),
(130, 95, 'Men\'s Team Pursuit'),
(131, 96, 'Men\'s Road Race'),
(132, 97, 'Women\'s Team Sprint'),
(133, 97, 'Women\'s Keirin'),
(134, 97, 'Women\'s Sprint'),
(135, 98, 'Men\'s Road Race'),
(136, 99, 'Men\'s Team Pursuit'),
(137, 100, 'Women\'s Team Pursuit'),
(138, 100, 'Women\'s Omnium'),
(139, 101, 'Men\'s Road Race'),
(140, 102, 'Women\'s Team Pursuit'),
(141, 103, 'Men\'s Road Race'),
(142, 104, 'Men\'s Team Sprint'),
(143, 105, 'Men\'s Sprint'),
(144, 106, 'Men\'s Road Race'),
(145, 107, 'Women\'s Road Race'),
(146, 107, 'Women\'s Individual Time Trial'),
(147, 108, 'Women\'s Road Race'),
(148, 108, 'Women\'s Individual Time Trial'),
(149, 109, 'Men\'s Road Race'),
(150, 110, 'Women\'s Road Race'),
(151, 110, 'Women\'s Individual Time Trial'),
(152, 111, 'Women\'s Road Race'),
(153, 112, 'Men\'s Road Race'),
(154, 113, 'Men\'s Road Race'),
(155, 113, 'Men\'s Individual Time Trial'),
(156, 114, 'Men\'s Road Race'),
(157, 114, 'Men\'s Individual Time Trial'),
(158, 115, 'Men\'s Road Race'),
(159, 116, 'Women\'s Team Pursuit'),
(160, 117, 'Women\'s Road Race'),
(161, 118, 'Women\'s Road Race'),
(162, 119, 'Women\'s Team Sprint'),
(163, 119, 'Women\'s Keirin'),
(164, 120, 'Men\'s Road Race'),
(165, 121, 'Men\'s Road Race'),
(166, 121, 'Men\'s Individual Time Trial'),
(167, 122, 'Men\'s Road Race'),
(168, 122, 'Men\'s Individual Time Trial'),
(169, 123, 'Women\'s Road Race'),
(170, 123, 'Women\'s Individual Time Trial'),
(171, 124, 'Women\'s Team Pursuit'),
(172, 125, 'Men\'s Team Sprint'),
(173, 126, 'Women\'s Keirin'),
(174, 126, 'Women\'s Sprint'),
(175, 127, 'Men\'s Road Race'),
(176, 128, 'Women\'s Team Sprint'),
(177, 129, 'Women\'s Omnium'),
(178, 130, 'Women\'s Road Race'),
(179, 131, 'Men\'s Road Race'),
(180, 132, 'Men\'s Team Pursuit'),
(181, 133, 'Men\'s Road Race'),
(182, 133, 'Men\'s Individual Time Trial'),
(183, 134, 'Men\'s Road Race'),
(184, 135, 'Men\'s Road Race'),
(185, 136, 'Women\'s Road Race'),
(186, 136, 'Women\'s Individual Time Trial'),
(187, 137, 'Women\'s Keirin'),
(188, 137, 'Women\'s Sprint'),
(189, 138, 'Women\'s Road Race'),
(190, 139, 'Men\'s Road Race'),
(191, 140, 'Men\'s Team Pursuit'),
(192, 140, 'Men\'s Omnium'),
(193, 141, 'Men\'s Road Race'),
(194, 141, 'Men\'s Individual Time Trial'),
(195, 142, 'Men\'s Road Race'),
(196, 143, 'Men\'s Road Race'),
(197, 143, 'Men\'s Individual Time Trial'),
(198, 144, 'Women\'s Road Race'),
(199, 145, 'Women\'s Team Pursuit'),
(200, 145, 'Women\'s Omnium'),
(201, 146, 'Men\'s Team Pursuit'),
(202, 146, 'Men\'s Omnium'),
(203, 147, 'Women\'s Keirin'),
(204, 147, 'Women\'s Sprint'),
(205, 148, 'Men\'s Road Race'),
(206, 149, 'Women\'s Road Race'),
(207, 150, 'Men\'s Team Pursuit'),
(208, 151, 'Women\'s Team Sprint'),
(209, 152, 'Men\'s Team Sprint'),
(210, 153, 'Women\'s Team Pursuit'),
(211, 154, 'Men\'s Team Sprint'),
(212, 154, 'Men\'s Keirin'),
(213, 155, 'Women\'s Omnium'),
(214, 156, 'Men\'s Road Race'),
(215, 157, 'Men\'s Road Race'),
(216, 158, 'Men\'s Omnium'),
(217, 159, 'Men\'s Road Race'),
(218, 160, 'Women\'s Road Race'),
(219, 161, 'Men\'s Team Pursuit'),
(220, 162, 'Men\'s Road Race'),
(221, 163, 'Women\'s Team Pursuit'),
(222, 164, 'Women\'s Team Pursuit'),
(223, 165, 'Women\'s Road Race'),
(224, 165, 'Women\'s Individual Time Trial'),
(225, 166, 'Men\'s Team Pursuit'),
(226, 167, 'Women\'s Team Sprint'),
(227, 167, 'Women\'s Keirin'),
(228, 167, 'Women\'s Sprint'),
(229, 168, 'Men\'s Road Race'),
(230, 169, 'Women\'s Team Pursuit'),
(231, 170, 'Women\'s Team Sprint'),
(232, 170, 'Women\'s Keirin'),
(233, 170, 'Women\'s Sprint'),
(234, 171, 'Men\'s Road Race'),
(235, 172, 'Men\'s Sprint'),
(236, 173, 'Men\'s Team Pursuit'),
(237, 174, 'Men\'s Team Sprint'),
(238, 174, 'Men\'s Sprint'),
(239, 175, 'Women\'s Omnium'),
(240, 176, 'Women\'s Team Pursuit'),
(241, 177, 'Men\'s Road Race'),
(242, 177, 'Men\'s Individual Time Trial'),
(243, 178, 'Men\'s Omnium'),
(244, 179, 'Women\'s Team Pursuit'),
(245, 180, 'Men\'s Road Race'),
(246, 181, 'Men\'s Team Pursuit'),
(247, 182, 'Men\'s Team Pursuit'),
(248, 183, 'Men\'s Road Race'),
(249, 184, 'Men\'s Team Sprint'),
(250, 184, 'Men\'s Keirin'),
(251, 185, 'Men\'s Road Race'),
(252, 186, 'Men\'s Road Race'),
(253, 187, 'Men\'s Team Pursuit'),
(254, 188, 'Men\'s Road Race'),
(255, 189, 'Men\'s Road Race'),
(256, 190, 'Men\'s Road Race'),
(257, 191, 'Men\'s Road Race'),
(258, 191, 'Men\'s Individual Time Trial'),
(259, 192, 'Men\'s Omnium'),
(260, 193, 'Women\'s Team Sprint'),
(261, 194, 'Women\'s Team Sprint'),
(262, 194, 'Women\'s Keirin'),
(263, 194, 'Women\'s Sprint'),
(264, 195, 'Women\'s Omnium'),
(265, 196, 'Women\'s Keirin'),
(266, 196, 'Women\'s Sprint'),
(267, 196, 'Women\'s Road Race'),
(268, 197, 'Men\'s Team Sprint'),
(269, 197, 'Men\'s Keirin'),
(270, 198, 'Women\'s Team Pursuit'),
(271, 199, 'Men\'s Omnium'),
(272, 200, 'Women\'s Road Race'),
(273, 201, 'Women\'s Team Pursuit'),
(274, 202, 'Men\'s Road Race'),
(275, 203, 'Men\'s Team Pursuit'),
(276, 204, 'Women\'s Sprint'),
(277, 205, 'Women\'s Road Race'),
(278, 206, 'Men\'s Road Race'),
(279, 207, 'Women\'s Road Race'),
(280, 208, 'Men\'s Omnium'),
(281, 209, 'Men\'s Team Sprint'),
(282, 210, 'Men\'s Team Pursuit'),
(283, 211, 'Men\'s Road Race'),
(284, 212, 'Men\'s Road Race'),
(285, 212, 'Men\'s Individual Time Trial'),
(286, 213, 'Men\'s Sprint'),
(287, 214, 'Women\'s Team Sprint'),
(288, 215, 'Women\'s Team Sprint'),
(289, 215, 'Women\'s Keirin'),
(290, 215, 'Women\'s Sprint'),
(291, 216, 'Women\'s Omnium'),
(292, 217, 'Men\'s Road Race'),
(293, 217, 'Men\'s Individual Time Trial'),
(294, 218, 'Men\'s Road Race'),
(295, 219, 'Men\'s Team Sprint'),
(296, 220, 'Men\'s Road Race'),
(297, 220, 'Men\'s Individual Time Trial'),
(298, 221, 'Women\'s Road Race'),
(299, 222, 'Men\'s Road Race'),
(300, 223, 'Women\'s Road Race'),
(301, 223, 'Women\'s Individual Time Trial'),
(302, 224, 'Men\'s Team Pursuit'),
(303, 225, 'Men\'s Team Pursuit'),
(304, 226, 'Men\'s Keirin'),
(305, 227, 'Women\'s Road Race'),
(306, 228, 'Men\'s Team Pursuit'),
(307, 229, 'Women\'s Keirin'),
(308, 230, 'Women\'s Team Pursuit'),
(309, 231, 'Men\'s Road Race'),
(310, 232, 'Women\'s Road Race'),
(311, 233, 'Men\'s Road Race'),
(312, 234, 'Men\'s Team Sprint'),
(313, 234, 'Men\'s Sprint'),
(314, 235, 'Men\'s Road Race'),
(315, 235, 'Men\'s Individual Time Trial'),
(316, 236, 'Men\'s Road Race'),
(317, 236, 'Men\'s Individual Time Trial'),
(318, 237, 'Women\'s Road Race'),
(319, 237, 'Women\'s Individual Time Trial'),
(320, 238, 'Men\'s Road Race'),
(321, 239, 'Men\'s Keirin'),
(322, 239, 'Men\'s Sprint'),
(323, 240, 'Men\'s Road Race'),
(324, 241, 'Women\'s Team Pursuit'),
(325, 242, 'Men\'s Team Sprint'),
(326, 243, 'Men\'s Team Sprint'),
(327, 244, 'Men\'s Road Race'),
(328, 245, 'Women\'s Road Race'),
(329, 246, 'Men\'s Road Race'),
(330, 247, 'Women\'s Omnium'),
(331, 248, 'Women\'s Road Race'),
(332, 249, 'Men\'s Road Race'),
(333, 249, 'Men\'s Individual Time Trial'),
(334, 250, 'Men\'s Road Race'),
(335, 251, 'Men\'s Road Race'),
(336, 252, 'Women\'s Keirin'),
(337, 252, 'Women\'s Sprint'),
(338, 253, 'Men\'s Road Race'),
(339, 254, 'Women\'s Road Race'),
(340, 255, 'Men\'s Road Race'),
(341, 256, 'Women\'s Team Pursuit'),
(342, 257, 'Women\'s Team Sprint'),
(343, 257, 'Women\'s Keirin'),
(344, 257, 'Women\'s Sprint'),
(345, 258, 'Men\'s Keirin'),
(346, 259, 'Men\'s Omnium'),
(347, 260, 'Men\'s Team Sprint'),
(348, 260, 'Men\'s Keirin'),
(349, 260, 'Men\'s Sprint'),
(350, 261, 'Men\'s Keirin'),
(351, 261, 'Men\'s Sprint'),
(352, 262, 'Men\'s Road Race'),
(353, 262, 'Men\'s Individual Time Trial'),
(354, 263, 'Women\'s Team Pursuit'),
(355, 264, 'Women\'s Road Race'),
(356, 265, 'Men\'s Keirin'),
(357, 266, 'Men\'s Team Sprint'),
(358, 267, 'Men\'s Team Pursuit'),
(359, 268, 'Men\'s Road Race'),
(360, 269, 'Women\'s Team Pursuit'),
(361, 270, 'Men\'s Road Race'),
(362, 271, 'Men\'s Team Pursuit'),
(363, 272, 'Men\'s Road Race'),
(364, 273, 'Men\'s Road Race'),
(365, 274, 'Men\'s Road Race'),
(366, 274, 'Men\'s Individual Time Trial'),
(367, 275, 'Men\'s Road Race'),
(368, 276, 'Men\'s Road Race'),
(369, 277, 'Men\'s Team Pursuit'),
(370, 278, 'Women\'s Omnium'),
(371, 279, 'Women\'s Team Pursuit'),
(372, 280, 'Men\'s Road Race'),
(373, 281, 'Men\'s Team Pursuit'),
(374, 282, 'Men\'s Road Race'),
(375, 282, 'Men\'s Individual Time Trial'),
(376, 283, 'Men\'s Road Race'),
(377, 284, 'Men\'s Road Race'),
(378, 285, 'Women\'s Omnium'),
(379, 285, 'Women\'s Keirin'),
(380, 286, 'Men\'s Road Race'),
(381, 286, 'Men\'s Individual Time Trial'),
(382, 287, 'Women\'s Team Pursuit'),
(383, 288, 'Men\'s Road Race'),
(384, 289, 'Men\'s Road Race'),
(385, 290, 'Men\'s Road Race'),
(386, 290, 'Men\'s Individual Time Trial'),
(387, 291, 'Men\'s Road Race'),
(388, 292, 'Men\'s Team Pursuit'),
(389, 293, 'Men\'s Team Pursuit'),
(390, 294, 'Women\'s Team Pursuit'),
(391, 295, 'Women\'s Team Pursuit'),
(392, 295, 'Women\'s Omnium'),
(393, 296, 'Women\'s Team Sprint'),
(394, 296, 'Women\'s Keirin'),
(395, 296, 'Women\'s Sprint'),
(396, 297, 'Men\'s Road Race'),
(397, 298, 'Men\'s Team Sprint'),
(398, 299, 'Men\'s Road Race'),
(399, 300, 'Men\'s Road Race'),
(400, 301, 'Men\'s Keirin'),
(401, 302, 'Women\'s Road Race'),
(402, 303, 'Men\'s Road Race'),
(403, 304, 'Women\'s Road Race'),
(404, 305, 'Men\'s Road Race'),
(405, 306, 'Women\'s Keirin'),
(406, 306, 'Women\'s Sprint'),
(407, 307, 'Men\'s Team Sprint'),
(408, 308, 'Women\'s Road Race'),
(409, 308, 'Women\'s Individual Time Trial'),
(410, 309, 'Men\'s Road Race'),
(411, 310, 'Men\'s Team Pursuit'),
(412, 311, 'Men\'s Team Sprint'),
(413, 312, 'Men\'s Road Race'),
(414, 313, 'Women\'s Keirin'),
(415, 313, 'Women\'s Sprint'),
(416, 314, 'Men\'s Team Pursuit'),
(417, 314, 'Men\'s Road Race'),
(418, 315, 'Women\'s Team Pursuit'),
(419, 316, 'Men\'s Road Race'),
(420, 317, 'Women\'s Road Race'),
(421, 317, 'Women\'s Individual Time Trial'),
(422, 318, 'Men\'s Road Race'),
(423, 319, 'Men\'s Team Pursuit'),
(424, 320, 'Men\'s Road Race'),
(425, 321, 'Men\'s Team Pursuit'),
(426, 321, 'Men\'s Omnium'),
(427, 322, 'Women\'s Road Race'),
(428, 323, 'Men\'s Team Pursuit'),
(429, 324, 'Women\'s Road Race'),
(430, 325, 'Women\'s Team Sprint'),
(431, 326, 'Men\'s Road Race'),
(432, 327, 'Men\'s Road Race'),
(433, 328, 'Men\'s Road Race'),
(434, 329, 'Men\'s Road Race'),
(435, 330, 'Women\'s Road Race'),
(436, 331, 'Women\'s Team Pursuit'),
(437, 331, 'Women\'s Road Race'),
(438, 331, 'Women\'s Individual Time Trial'),
(439, 332, 'Men\'s Road Race'),
(440, 333, 'Men\'s Team Pursuit'),
(441, 333, 'Men\'s Omnium'),
(442, 334, 'Men\'s Team Sprint'),
(443, 334, 'Men\'s Keirin'),
(444, 335, 'Women\'s Road Race'),
(445, 336, 'Men\'s Road Race'),
(446, 337, 'Women\'s Team Sprint'),
(447, 338, 'Men\'s Road Race'),
(448, 339, 'Men\'s Team Pursuit'),
(449, 340, 'Men\'s Keirin'),
(450, 341, 'Men\'s Road Race'),
(451, 342, 'Women\'s Team Sprint'),
(452, 343, 'Women\'s Road Race'),
(453, 343, 'Women\'s Individual Time Trial'),
(454, 344, 'Men\'s Road Race'),
(455, 344, 'Men\'s Individual Time Trial'),
(456, 345, 'Men\'s Omnium'),
(457, 345, 'Men\'s Road Race'),
(458, 346, 'Women\'s Team Sprint'),
(459, 346, 'Women\'s Keirin'),
(460, 346, 'Women\'s Sprint'),
(461, 347, 'Men\'s Keirin'),
(462, 348, 'Men\'s Sprint'),
(463, 349, 'Men\'s Team Pursuit'),
(464, 350, 'Women\'s Road Race'),
(465, 350, 'Women\'s Individual Time Trial'),
(466, 351, 'Men\'s Team Sprint'),
(467, 351, 'Men\'s Keirin'),
(468, 352, 'Men\'s Sprint'),
(469, 353, 'Women\'s Team Sprint'),
(470, 354, 'Men\'s Road Race'),
(471, 354, 'Men\'s Individual Time Trial'),
(472, 355, 'Women\'s Team Pursuit'),
(473, 355, 'Women\'s Omnium'),
(474, 356, 'Men\'s Road Race'),
(475, 356, 'Men\'s Individual Time Trial'),
(476, 357, 'Women\'s Team Pursuit'),
(477, 357, 'Women\'s Omnium'),
(478, 358, 'Women\'s Omnium'),
(479, 359, 'Women\'s Road Race'),
(480, 359, 'Women\'s Individual Time Trial'),
(481, 360, 'Women\'s Road Race'),
(482, 360, 'Women\'s Individual Time Trial'),
(483, 361, 'Men\'s Road Race'),
(484, 362, 'Men\'s Road Race'),
(485, 363, 'Men\'s Team Sprint'),
(486, 363, 'Men\'s Sprint'),
(487, 364, 'Men\'s Team Sprint'),
(488, 364, 'Men\'s Keirin');

--
-- Indexes for dumped tables
--

--
-- Indexes for table `country`
--
ALTER TABLE `country`
  ADD PRIMARY KEY (`iso_id`);

--
-- Indexes for table `cyclist`
--
ALTER TABLE `cyclist`
  ADD PRIMARY KEY (`cyclist_id`);

--
-- Indexes for table `event`
--
ALTER TABLE `event`
  ADD PRIMARY KEY (`record_id`);

--
-- AUTO_INCREMENT for dumped tables
--

--
-- AUTO_INCREMENT for table `cyclist`
--
ALTER TABLE `cyclist`
  MODIFY `cyclist_id` int(11) NOT NULL AUTO_INCREMENT, AUTO_INCREMENT=365;

--
-- AUTO_INCREMENT for table `event`
--
ALTER TABLE `event`
  MODIFY `record_id` int(11) NOT NULL AUTO_INCREMENT, AUTO_INCREMENT=489;
COMMIT;

/*!40101 SET CHARACTER_SET_CLIENT=@OLD_CHARACTER_SET_CLIENT */;
/*!40101 SET CHARACTER_SET_RESULTS=@OLD_CHARACTER_SET_RESULTS */;
/*!40101 SET COLLATION_CONNECTION=@OLD_COLLATION_CONNECTION */;
